﻿First Name,Middle Name,Last Name,Title,Suffix,Nickname,Given Yomi,Surname Yomi,E-mail Address,E-mail 2 Address,E-mail 3 Address,Home Phone,Home Phone 2,Business Phone,Business Phone 2,Mobile Phone,Car Phone,Other Phone,Primary Phone,Pager,Business Fax,Home Fax,Other Fax,Company Main Phone,Callback,Radio Phone,Telex,TTY/TDD Phone,IMAddress,Job Title,Department,Company,Office Location,Manager's Name,Assistant's Name,Assistant's Phone,Company Yomi,Business Street,Business City,Business State,Business Postal Code,Business Country/Region,Home Street,Home City,Home State,Home Postal Code,Home Country/Region,Other Street,Other City,Other State,Other Postal Code,Other Country/Region,Personal Web Page,Spouse,Schools,Hobby,Location,Web Page,Birthday,Anniversary,Notes
Jeff,,Hay,,,,,,jeff.hay1991@live.co.fr,,,+33 (1) 2345981,,,,,,,,,,,,,,,,,,,,France Telecom,,,,,,,,,,,23 Rue Theday,Paris,,75009,France,,,,,,,Bernadette,,,,,,,
Douglas ,,Groncki,,,,,,gronckid@drying_tonight.com,,,+44 (191) 345901,,,,,,,,,,,,,,,,,,,,,,,,,,,,,,,27 Cadinal Road,Newcastle,Tyne & Wear,NE2 3AB,England,,,,,,,,,,,,,,
Laura,,Delgado,,,,,,laura.delgado@email_espana.com,,,+34 (981) 765032,,,,,,,,,,,,,,,,,,,,GES Espana,,,,,,,,,,,Entramuros 38,Collado Villablanco,Sevilla,29123,Espana,,,,,,,,,,,,,,
Scott,,Denvers,,,,,,scottyd@aardvark_autos.co.uk,,,+44 (1362) 45922,,,,,,,,,,,,,,,,,,,,Aardvark Garages,,,,,,,,,,,,,,,,,,,,,,,,,,,,,
