First Name,Middle Name,Last Name,Title,Suffix,Initials,Web Page,Gender,Birthday,Anniversary,Location,Language,Internet Free Busy,Notes,E-mail Address,E-mail 2 Address,E-mail 3 Address,Primary Phone,Home Phone,Home Phone 2,Mobile Phone,Pager,Home Fax,Home Address,Home Street,Home Street 2,Home Street 3,Home Address PO Box,Home City,Home State,Home Postal Code,Home Country,Spouse,Children,Manager's Name,Assistant's Name,Referred By,Company Main Phone,Business Phone,Business Phone 2,Business Fax,Assistant's Phone,Company,Job Title,Department,Office Location,Organizational ID Number,Profession,Account,Business Address,Business Street,Business Street 2,Business Street 3,Business Address PO Box,Business City,Business State,Business Postal Code,Business Country,Other Phone,Other Fax,Other Address,Other Street,Other Street 2,Other Street 3,Other Address PO Box,Other City,Other State,Other Postal Code,Other Country,Callback,Car Phone,ISDN,Radio Phone,TTY/TDD Phone,Telex,User 1,User 2,User 3,User 4,Keywords,Mileage,Hobby,Billing Information,Directory Server,Sensitivity,Priority,Private,Categories
Anne,,Carnegie,,,,,,,,,,,,carnegie.a@almost_finished.com,,,,,,,,,,,,,,,,,,,,,,,,,,,,,,,,,,,,,,,,,,,,01332 65234,,,,,,,,,,,,,,,,,,,,,,,,,,,Normal,,My Contacts,
David,T.,Pawolski,,,,,,,,,,,,davthepav@exoticbutsimple.co.uk,,,,,,,,,,,,,,,,,,,,,,,,,,,,,,,,,,,,,,,,,,,,020 7654 329,,"14 Cricklewood High Street
London
NW2 1HH
",14 Cricklewood High Street,,,,London,,NW2 1HH,,,,,,,,,,,,,,,,,,Normal,,My Contacts,
Petra,,Henderson,,,,,,,,,,,,pertahend1986@starrystarry.co.uk,,,,,,,,,,,,,,,,,,,,,,,,,,,,,,,,,,,,,,,,,,,,01452 87002,,,,,,,,,,,,,,,,,,,,,,,,,,,Normal,,My Contacts,
Sally,,White,,,,,,,,,,,,sallymillicentwhite1982@yahoo.co.uk,,,,,,,,,,,,,,,,,,,,,,,,,,,,,,,,,,,,,,,,,,,,+ 441609 88555,,"137 Hunters Ride
Appleton Wiske
North Yorkshire
DL6 2BD","137 Hunters Ride
2BD",,,,,"Appleton Wiske
North Yorkshire",DL6,,,,,,,,,,,,,,,,,,Normal,,My Contacts,
